,,,, 
,,,, 
,,,, 
,,,, 
,,,, 
,,,, 
,,,, 
,,,, 
,,,, 
,,,,
,,,,
,,,,
Category,Component,Link,Price,
Frame,7-Inch FPV Frame,https://www.amazon.com/gp/product/B083DVQL6K/ref=ox_sc_act_title_1?smid=A3J255IWI9K08U&psc=1,$38,
Flight Stack,Flight Controller + 4-in-1 ESC,https://www.amazon.com/gp/product/B0CWNPZZXV/ref=ox_sc_act_title_6?smid=A1JGQIWP459RKC&psc=1,$82,
Motors,4x Brushless Motors,https://www.amazon.com/gp/product/B0G3F4WSP7/ref=ox_sc_act_title_5?smid=A23QGDW0H5Q266&psc=1,$57,
Digital VTx / Camera,HD Air Unit System,https://www.bhphotovideo.com/c/product/1870780-REG/dji_cp_fp_00000233_01_o4_air_unit_pro.html,$229,
Control Receiver,Radio Receiver,https://www.amazon.com/gp/product/B0FGJH6TSB/ref=ox_sc_act_title_4?smid=A2405ZM6GWFPMW&psc=1,$33,
Propellers,7-Inch Props (3–4 sets),https://www.amazon.com/gp/product/B0C9344Q3Y/ref=ox_sc_act_title_4?smid=A17GICQ8X7LW23&psc=1,$15,
GPS / Compass,Navigation Module,https://www.amazon.com/gp/product/B0CB5N8RQ8/ref=ox_sc_act_title_3?smid=A399B0GHKF2YQX&psc=1,$21,
Battery Wires,Battery Wires,https://www.amazon.com/gp/product/B07QH249CR/ref=ox_sc_act_title_8?smid=A1JTH8JAMM4IYJ&psc=1,$10,
Goggles,DJI Goggles 3,https://www.bhphotovideo.com/c/product/1975693-REG/dji_cp_rc_00000033_01_goggles_n3_us.html,$229,
Controller,RadioMaster Poket,Contorllers,$65,
6S Battery,6S 5000mAh 120C,https://www.amazon.com/gp/product/B0DNLW4W8H/ref=ox_sc_act_title_9?smid=A1KODDOPEPALCP&psc=1,$106,
Total,,,$885,